-- MySQL dump 10.13  Distrib 9.2.0, for macos14.7 (arm64)
--
-- Host: localhost    Database: SRF
-- ------------------------------------------------------
-- Server version	9.0.1

/*!40101 SET @OLD_CHARACTER_SET_CLIENT=@@CHARACTER_SET_CLIENT */;
/*!40101 SET @OLD_CHARACTER_SET_RESULTS=@@CHARACTER_SET_RESULTS */;
/*!40101 SET @OLD_COLLATION_CONNECTION=@@COLLATION_CONNECTION */;
/*!50503 SET NAMES utf8mb4 */;
/*!40103 SET @OLD_TIME_ZONE=@@TIME_ZONE */;
/*!40103 SET TIME_ZONE='+00:00' */;
/*!40014 SET @OLD_UNIQUE_CHECKS=@@UNIQUE_CHECKS, UNIQUE_CHECKS=0 */;
/*!40014 SET @OLD_FOREIGN_KEY_CHECKS=@@FOREIGN_KEY_CHECKS, FOREIGN_KEY_CHECKS=0 */;
/*!40101 SET @OLD_SQL_MODE=@@SQL_MODE, SQL_MODE='NO_AUTO_VALUE_ON_ZERO' */;
/*!40111 SET @OLD_SQL_NOTES=@@SQL_NOTES, SQL_NOTES=0 */;

--
-- Table structure for table `article_categories`
--

DROP TABLE IF EXISTS `article_categories`;
/*!40101 SET @saved_cs_client     = @@character_set_client */;
/*!50503 SET character_set_client = utf8mb4 */;
CREATE TABLE `article_categories` (
  `article_id` int NOT NULL,
  `category_id` int NOT NULL,
  PRIMARY KEY (`article_id`,`category_id`),
  KEY `category_id` (`category_id`),
  CONSTRAINT `article_categories_ibfk_1` FOREIGN KEY (`article_id`) REFERENCES `articles` (`article_id`) ON DELETE CASCADE,
  CONSTRAINT `article_categories_ibfk_2` FOREIGN KEY (`category_id`) REFERENCES `categories` (`category_id`) ON DELETE CASCADE
) ENGINE=InnoDB DEFAULT CHARSET=utf8mb4 COLLATE=utf8mb4_0900_ai_ci;
/*!40101 SET character_set_client = @saved_cs_client */;

--
-- Dumping data for table `article_categories`
--

LOCK TABLES `article_categories` WRITE;
/*!40000 ALTER TABLE `article_categories` DISABLE KEYS */;
INSERT INTO `article_categories` VALUES (7,53),(15,53),(16,54),(25,54),(7,55),(15,55),(8,56),(8,57),(16,57),(18,57),(25,57),(8,58),(17,154),(18,154),(24,154),(19,157),(20,157),(21,157),(22,157),(23,157);
/*!40000 ALTER TABLE `article_categories` ENABLE KEYS */;
UNLOCK TABLES;

--
-- Table structure for table `article_keywords`
--

DROP TABLE IF EXISTS `article_keywords`;
/*!40101 SET @saved_cs_client     = @@character_set_client */;
/*!50503 SET character_set_client = utf8mb4 */;
CREATE TABLE `article_keywords` (
  `article_id` int NOT NULL,
  `keyword_id` int NOT NULL,
  PRIMARY KEY (`article_id`,`keyword_id`),
  KEY `keyword_id` (`keyword_id`),
  CONSTRAINT `article_keywords_ibfk_1` FOREIGN KEY (`article_id`) REFERENCES `articles` (`article_id`) ON DELETE CASCADE,
  CONSTRAINT `article_keywords_ibfk_2` FOREIGN KEY (`keyword_id`) REFERENCES `keywords` (`keyword_id`) ON DELETE CASCADE
) ENGINE=InnoDB DEFAULT CHARSET=utf8mb4 COLLATE=utf8mb4_0900_ai_ci;
/*!40101 SET character_set_client = @saved_cs_client */;

--
-- Dumping data for table `article_keywords`
--

LOCK TABLES `article_keywords` WRITE;
/*!40000 ALTER TABLE `article_keywords` DISABLE KEYS */;
INSERT INTO `article_keywords` VALUES (7,70),(7,71),(7,72),(7,73),(8,74),(8,75),(8,76),(16,77),(16,79),(16,80),(16,81),(15,200),(15,201),(15,202),(16,206),(16,208),(16,212),(16,213),(16,214),(16,215),(17,216),(17,217),(24,217),(17,218),(17,219),(17,220),(17,221),(17,222),(17,223),(18,224),(18,225),(18,226),(19,227),(20,227),(21,227),(22,227),(19,228),(21,231),(22,231),(21,232),(22,234),(23,239),(23,240),(23,241),(23,242),(24,287),(24,288),(24,290),(25,339);
/*!40000 ALTER TABLE `article_keywords` ENABLE KEYS */;
UNLOCK TABLES;

--
-- Table structure for table `article_tags`
--

DROP TABLE IF EXISTS `article_tags`;
/*!40101 SET @saved_cs_client     = @@character_set_client */;
/*!50503 SET character_set_client = utf8mb4 */;
CREATE TABLE `article_tags` (
  `article_id` int NOT NULL,
  `tag_id` int NOT NULL,
  PRIMARY KEY (`article_id`,`tag_id`),
  KEY `tag_id` (`tag_id`),
  CONSTRAINT `article_tags_ibfk_1` FOREIGN KEY (`article_id`) REFERENCES `articles` (`article_id`) ON DELETE CASCADE,
  CONSTRAINT `article_tags_ibfk_2` FOREIGN KEY (`tag_id`) REFERENCES `tags` (`tag_id`) ON DELETE CASCADE
) ENGINE=InnoDB DEFAULT CHARSET=utf8mb4 COLLATE=utf8mb4_0900_ai_ci;
/*!40101 SET character_set_client = @saved_cs_client */;

--
-- Dumping data for table `article_tags`
--

LOCK TABLES `article_tags` WRITE;
/*!40000 ALTER TABLE `article_tags` DISABLE KEYS */;
INSERT INTO `article_tags` VALUES (7,41),(7,42),(7,43),(8,44),(8,45),(8,46),(16,47),(15,144),(15,145),(15,146),(16,151),(16,152),(17,153),(17,154),(17,155),(17,156),(18,157),(18,158),(18,159),(18,160),(25,160),(19,161),(19,162),(19,163),(19,164),(19,165),(25,165),(20,166),(21,167),(22,167),(23,167),(21,168),(21,169),(22,170),(23,170),(22,172),(23,178),(24,212),(24,213),(24,214),(24,215);
/*!40000 ALTER TABLE `article_tags` ENABLE KEYS */;
UNLOCK TABLES;

--
-- Table structure for table `articles`
--

DROP TABLE IF EXISTS `articles`;
/*!40101 SET @saved_cs_client     = @@character_set_client */;
/*!50503 SET character_set_client = utf8mb4 */;
CREATE TABLE `articles` (
  `article_id` int NOT NULL AUTO_INCREMENT,
  `title` varchar(255) NOT NULL,
  `summary` text NOT NULL,
  `content` json NOT NULL,
  `status` enum('draft','published','archived') DEFAULT 'draft',
  `release_date` timestamp NULL DEFAULT NULL,
  `slug` varchar(255) NOT NULL,
  `seo_title` varchar(255) DEFAULT NULL,
  `seo_description` text,
  `preview_image` varchar(255) DEFAULT NULL,
  `views` int DEFAULT '0',
  PRIMARY KEY (`article_id`),
  UNIQUE KEY `slug` (`slug`)
) ENGINE=InnoDB AUTO_INCREMENT=26 DEFAULT CHARSET=utf8mb4 COLLATE=utf8mb4_0900_ai_ci;
/*!40101 SET character_set_client = @saved_cs_client */;

--
-- Dumping data for table `articles`
--

LOCK TABLES `articles` WRITE;
/*!40000 ALTER TABLE `articles` DISABLE KEYS */;
INSERT INTO `articles` VALUES (7,'Як зберігати продуктивність у сучасному світі','{\"ops\":[{\"insert\":\"Поради та інструменти для підвищення продуктивності та ефективного використання часу\\n\"}]}','\"{\\\"ops\\\":[{\\\"insert\\\":\\\"З кожним роком світ стає все швидшим та насиченішим. Ми стикаємося з безліччю завдань і часто не знаємо, з чого почати. У цій статті ми поділимося простими, але ефективними порадами, які допоможуть зберігати продуктивність і не вигорати.\\\\n\\\\n\\\"},{\\\"attributes\\\":{\\\"size\\\":\\\"large\\\"},\\\"insert\\\":\\\"Плануйте свій день\\\"},{\\\"insert\\\":\\\"\\\\n\\\\n\\\"},{\\\"attributes\\\":{\\\"bold\\\":true},\\\"insert\\\":\\\"Щоденне планування\\\"},{\\\"insert\\\":\\\" - це ключ до ефективності. Використовуйте блокноти або цифрові інструменти, щоб створити список задач. Пріоритезуйте найважливіше.\\\\n\\\\n\\\"},{\\\"attributes\\\":{\\\"size\\\":\\\"large\\\"},\\\"insert\\\":\\\"Робіть перерви\\\"},{\\\"insert\\\":\\\"\\\\n\\\\n\\\"},{\\\"attributes\\\":{\\\"bold\\\":true},\\\"insert\\\":\\\"Часта помилка\\\"},{\\\"insert\\\":\\\" - працювати без зупинки. Використовуйте метод Помодоро: 25 хвилин роботи, 5 хвилин відпочинку.\\\\n\\\\n\\\"},{\\\"attributes\\\":{\\\"alt\\\":\\\"Техника Помодоро 🍅 Вся правда о методе помидора (Pomodoro) ≡ Блог ArtofBA\\\"},\\\"insert\\\":{\\\"image\\\":\\\"https://static.wixstatic.com/media/a27d24_7c1d06c1b2cc41b481adc7f09e33162b~mv2.jpg/v1/fill/w_1000,h_538,al_c,q_85,usm_0.66_1.00_0.01/a27d24_7c1d06c1b2cc41b481adc7f09e33162b~mv2.jpg\\\"}},{\\\"attributes\\\":{\\\"align\\\":\\\"center\\\"},\\\"insert\\\":\\\"\\\\n\\\"},{\\\"attributes\\\":{\\\"color\\\":\\\"#888888\\\",\\\"italic\\\":true},\\\"insert\\\":\\\"Картинка Помодоро\\\"},{\\\"attributes\\\":{\\\"align\\\":\\\"center\\\"},\\\"insert\\\":\\\"\\\\n\\\\n\\\"},{\\\"insert\\\":\\\"Ось такі-то справи, малята 😊\\\\n\\\"}]}\"','published','2024-11-17 15:00:00','productivity_tips','Як залишатися продуктивним: прості поради','{\"ops\":[{\"insert\":\"Ефективність у роботі та житті: як планувати день, використовувати інструменти продуктивності та уникати вигорання\\n\"}]}','./images/productivity_tips.jpg',6),(8,'Як змінюється клімат і що це означає для нас','{\"ops\":[{\"insert\":\"Досліджуємо основні причини змін клімату, їхні наслідки та як ми можемо зменшити негативний вплив на планету\\n\"}]}','\"{\\\"ops\\\":[{\\\"insert\\\":\\\"Зміна клімату - це одна з \\\"},{\\\"attributes\\\":{\\\"bold\\\":true},\\\"insert\\\":\\\"найбільших\\\"},{\\\"insert\\\":\\\" проблем нашого часу. Вона впливає на \\\"},{\\\"attributes\\\":{\\\"italic\\\":true},\\\"insert\\\":\\\"екосистеми\\\"},{\\\"insert\\\":\\\", \\\"},{\\\"attributes\\\":{\\\"italic\\\":true},\\\"insert\\\":\\\"економіку\\\"},{\\\"insert\\\":\\\" та \\\"},{\\\"attributes\\\":{\\\"italic\\\":true},\\\"insert\\\":\\\"здоров’я\\\"},{\\\"insert\\\":\\\" людей \\\"},{\\\"attributes\\\":{\\\"underline\\\":true},\\\"insert\\\":\\\"по всьому світу.\\\"},{\\\"insert\\\":\\\"\\\\n\\\\n\\\"},{\\\"attributes\\\":{\\\"size\\\":\\\"large\\\"},\\\"insert\\\":\\\"Що викликає зміни клімату?\\\"},{\\\"insert\\\":\\\"\\\\n\\\\nОсновними причинами є людська діяльність: спалювання викопного палива, вирубка лісів та виробництво вуглекислого газу. Ці фактори призводять до підвищення середньої температури на планеті.\\\\n\\\\nЕкстремальні погодні явища: частіші урагани, повені та посухи.\\\"},{\\\"attributes\\\":{\\\"list\\\":\\\"ordered\\\"},\\\"insert\\\":\\\"\\\\n\\\"},{\\\"insert\\\":\\\"Зникнення видів тварин і рослин через зміни їхнього природного середовища.\\\"},{\\\"attributes\\\":{\\\"list\\\":\\\"ordered\\\"},\\\"insert\\\":\\\"\\\\n\\\"},{\\\"insert\\\":\\\"Зростання рівня моря, що загрожує багатьом прибережним регіонам.\\\"},{\\\"attributes\\\":{\\\"list\\\":\\\"ordered\\\"},\\\"insert\\\":\\\"\\\\n\\\"},{\\\"insert\\\":\\\"\\\\n\\\"},{\\\"attributes\\\":{\\\"size\\\":\\\"large\\\"},\\\"insert\\\":\\\"Що ми можемо зробити?\\\"},{\\\"insert\\\":\\\"\\\\n\\\\nКожна людина може внести свій вклад у боротьбу зі змінами клімату.\\\\n\\\\n\\\"},{\\\"attributes\\\":{\\\"bold\\\":true},\\\"insert\\\":\\\"Наприклад\\\"},{\\\"insert\\\":\\\":\\\\nЗменшити використання пластику.\\\"},{\\\"attributes\\\":{\\\"list\\\":\\\"bullet\\\"},\\\"insert\\\":\\\"\\\\n\\\"},{\\\"insert\\\":\\\"Переходити на відновлювані джерела енергії.\\\"},{\\\"attributes\\\":{\\\"list\\\":\\\"bullet\\\"},\\\"insert\\\":\\\"\\\\n\\\"},{\\\"insert\\\":\\\"Висаджувати дерева.\\\"},{\\\"attributes\\\":{\\\"list\\\":\\\"bullet\\\"},\\\"insert\\\":\\\"\\\\n\\\"},{\\\"insert\\\":\\\"\\\\n\\\"},{\\\"attributes\\\":{\\\"align\\\":\\\"center\\\"},\\\"insert\\\":{\\\"video\\\":\\\"https://www.youtube.com/embed/gESBsq9tsPI?showinfo=0\\\"}},{\\\"attributes\\\":{\\\"color\\\":\\\"#888888\\\",\\\"italic\\\":true},\\\"insert\\\":\\\"Автори відео: \\\"},{\\\"attributes\\\":{\\\"italic\\\":true,\\\"color\\\":\\\"#888888\\\",\\\"link\\\":\\\"https://www.youtube.com/@DWUkrainian\\\"},\\\"insert\\\":\\\"DW Українською\\\"},{\\\"attributes\\\":{\\\"align\\\":\\\"center\\\"},\\\"insert\\\":\\\"\\\\n\\\"},{\\\"insert\\\":\\\"\\\\nРазом ми можемо зберегти планету для майбутніх поколінь ☀️\\\\n\\\"}]}\"','published','2024-11-20 11:00:00','climate_change_and_us','Як зміни клімату впливають на нас і планету','{\"ops\":[{\"insert\":\"Що таке зміни клімату? Основні причини, наслідки та як кожен із нас може допомогти у вирішенні цієї глобальної проблеми\\n\"}]}','./images/climate_change_and_us.jpg',7),(15,'Як покращити здоров\'я за допомогою регулярних фізичних вправ','{\"ops\":[{\"insert\":\"Фізичні вправи — це не лише спосіб підтримувати форму, але й важлива частина здорового способу життя. Як правильно організувати тренування, щоб отримати максимальну користь для здоров\'я? Читайте в нашій статті.\\n\"}]}','\"{\\\"ops\\\":[{\\\"attributes\\\":{\\\"size\\\":\\\"large\\\"},\\\"insert\\\":\\\"Чому фізична активність важлива?\\\"},{\\\"insert\\\":\\\"\\\\n\\\\nФізичні вправи мають безліч переваг для \\\"},{\\\"attributes\\\":{\\\"bold\\\":true},\\\"insert\\\":\\\"здоров\'я\\\"},{\\\"insert\\\":\\\": вони покращують кровообіг, зміцнюють серце, сприяють зниженню стресу та підвищенню енергії. Регулярні тренування можуть знизити ризик розвитку хронічних захворювань, таких як діабет та гіпертонія.\\\\n\\\\n\\\"},{\\\"attributes\\\":{\\\"size\\\":\\\"large\\\"},\\\"insert\\\":\\\"Типи фізичних вправ\\\"},{\\\"insert\\\":\\\"\\\\n\\\\nІснують різні види вправ, кожен з яких має свої переваги: \\\"},{\\\"attributes\\\":{\\\"italic\\\":true},\\\"insert\\\":\\\"кардіо, силові тренування, йога, пілатес\\\"},{\\\"insert\\\":\\\". Вибір залежить від ваших цілей, фізичних можливостей і вподобань.\\\\n\\\\n\\\"},{\\\"attributes\\\":{\\\"size\\\":\\\"large\\\"},\\\"insert\\\":\\\"Як почати тренування?\\\"},{\\\"insert\\\":\\\"\\\\n\\\\nЯкщо ви \\\"},{\\\"attributes\\\":{\\\"underline\\\":true},\\\"insert\\\":\\\"новачок\\\"},{\\\"insert\\\":\\\", розпочніть з легких вправ, щоб не перевантажувати організм. З часом можна збільшувати інтенсивність та додавати нові елементи до вашого тренувального плану.\\\\n\\\\n\\\"},{\\\"attributes\\\":{\\\"size\\\":\\\"large\\\"},\\\"insert\\\":\\\"Рекомендації для досягнення максимальних результатів\\\"},{\\\"insert\\\":\\\"\\\\n\\\\n\\\"},{\\\"attributes\\\":{\\\"bold\\\":true},\\\"insert\\\":\\\"Регулярність і поступовість\\\"},{\\\"insert\\\":\\\" - ключ до успіху. Потрібно тренуватися хоча б три рази на тиждень, поступово збільшуючи навантаження. Не забувайте про відновлення, правильне харчування та гідратацію.\\\\n\\\"}]}\"','published','2024-11-16 19:29:00','yak-pokrashchyty-zdorovya-za-dopomogoyu-fizychnih-vprav','Як покращити здоров\'я за допомогою фізичних вправ | Користь від тренувань','{\"ops\":[{\"insert\":\"Регулярні фізичні вправи допомагають покращити загальний стан здоров\'я, знизити ризики захворювань та підвищити якість життя.\\n\"}]}','./images/yak-pokrashchyty-zdorovya-za-dopomogoyu-fizychnih-vprav.jpg',3),(16,'Інформаційні технології: Як нові тренди змінюють бізнес та повсякденне життя','{\"ops\":[{\"insert\":\"Сучасні інформаційні технології стають основою для розвитку бізнесу та покращення якості життя. У цій статті ми розглянемо, як новітні технології змінюють наші звички та впливають на майбутнє.\\n\"}]}','\"{\\\"ops\\\":[{\\\"insert\\\":\\\"Інформаційні технології (ІТ) продовжують розвиватися та змінювати світ. Вони не лише полегшують бізнес-процеси, але й значно впливають на наше повсякденне життя. Від смартфонів до штучного інтелекту - технології створюють нові можливості та виклики для суспільства.\\\\n\\\\n\\\"},{\\\"attributes\\\":{\\\"bold\\\":true},\\\"insert\\\":\\\"Новітні технології у бізнесі\\\"},{\\\"attributes\\\":{\\\"list\\\":\\\"ordered\\\"},\\\"insert\\\":\\\"\\\\n\\\"},{\\\"insert\\\":\\\"Інформаційні технології дозволяють бізнесам автоматизувати процеси, знижувати витрати та покращувати обслуговування клієнтів. Штучний інтелект, машинне навчання та великі дані вже сьогодні використовуються для створення персоналізованих пропозицій та оптимізації роботи компаній.\\\"},{\\\"attributes\\\":{\\\"indent\\\":1,\\\"list\\\":\\\"ordered\\\"},\\\"insert\\\":\\\"\\\\n\\\"},{\\\"attributes\\\":{\\\"bold\\\":true},\\\"insert\\\":\\\"Технології майбутнього\\\"},{\\\"attributes\\\":{\\\"list\\\":\\\"ordered\\\"},\\\"insert\\\":\\\"\\\\n\\\"},{\\\"insert\\\":\\\"Блокчейн, квантові обчислення, автономні транспортні засоби — ці технології набувають популярності і змінюють світ навколо нас. Вони можуть вплинути на безпеку даних, логістику та навіть нашу взаємодію з навколишнім світом.\\\"},{\\\"attributes\\\":{\\\"indent\\\":1,\\\"list\\\":\\\"ordered\\\"},\\\"insert\\\":\\\"\\\\n\\\"},{\\\"attributes\\\":{\\\"bold\\\":true},\\\"insert\\\":\\\"Інформаційні технології в повсякденному житті\\\"},{\\\"attributes\\\":{\\\"list\\\":\\\"ordered\\\"},\\\"insert\\\":\\\"\\\\n\\\"},{\\\"insert\\\":\\\"Смартфони, розумні гаджети, інтернет речей (IoT) — ці технології зробили наше життя більш комфортним і зручним. Вони дозволяють автоматизувати домашні задачі, підвищувати безпеку та навіть зберігати енергію в будинку.\\\"},{\\\"attributes\\\":{\\\"indent\\\":1,\\\"list\\\":\\\"ordered\\\"},\\\"insert\\\":\\\"\\\\n\\\"},{\\\"attributes\\\":{\\\"bold\\\":true},\\\"insert\\\":\\\"Виклики цифрової трансформації\\\"},{\\\"attributes\\\":{\\\"list\\\":\\\"ordered\\\"},\\\"insert\\\":\\\"\\\\n\\\"},{\\\"insert\\\":\\\"Хоча технології приносять безліч переваг, вони також створюють нові виклики. Потрібно адаптуватися до змін, навчатися новим навичкам і захищати свою особисту інформацію в умовах цифрової ери.\\\"},{\\\"attributes\\\":{\\\"indent\\\":1,\\\"list\\\":\\\"ordered\\\"},\\\"insert\\\":\\\"\\\\n\\\"}]}\"','published','2024-11-11 19:38:00','informatsiyni-tekhnolohiyi-yak-novi-trendy-zminyuyut-biznes-ta-povsyakdenne-zhyttya','Інформаційні технології: Як новітні технології змінюють бізнес і повсякденне життя','{\"ops\":[{\"insert\":\"Дізнайтесь, як новітні інформаційні технології змінюють бізнес, покращують повсякденне життя і відкривають нові можливості для майбутнього.\\n\"}]}','./images/informatsiyni-tekhnolohiyi-yak-novi-trendy-zminyuyut-biznes-ta-povsyakdenne-zhyttya.jpg',2),(17,'Мистецтво кави: Як культура споживання змінювалася століттями','{\"ops\":[{\"insert\":\"Кава — це не лише напій, а ціла культура, яка змінювалася протягом століть. Дізнайтеся про історію кави, її вплив на суспільство та сучасні тенденції в кавовій індустрії.\\n\"}]}','\"{\\\"ops\\\":[{\\\"insert\\\":\\\"Кава вже багато століть є улюбленим напоєм мільйонів людей у всьому світі. Вона не тільки надає енергію, але й об\'єднує людей за спільною чашкою, створюючи цілі традиції і ритуали.\\\\n\\\\n\\\"},{\\\"attributes\\\":{\\\"bold\\\":true},\\\"insert\\\":\\\"Історія кави\\\"},{\\\"attributes\\\":{\\\"list\\\":\\\"ordered\\\"},\\\"insert\\\":\\\"\\\\n\\\"},{\\\"insert\\\":\\\"Кава бере свій початок у Ефіопії, де, за легендою, пастухи помітили енергійність кіз після поїдання ягід кавового дерева. Згодом кава потрапила до арабських країн, звідки поширилася в Європу і далі по всьому світу.\\\"},{\\\"attributes\\\":{\\\"indent\\\":1,\\\"list\\\":\\\"ordered\\\"},\\\"insert\\\":\\\"\\\\n\\\"},{\\\"attributes\\\":{\\\"bold\\\":true},\\\"insert\\\":\\\"Роль кави в суспільстві\\\"},{\\\"attributes\\\":{\\\"list\\\":\\\"ordered\\\"},\\\"insert\\\":\\\"\\\\n\\\"},{\\\"insert\\\":\\\"Кав’ярні стали місцем зустрічей, обговорень і культурних обмінів. У різних країнах існують унікальні традиції споживання кави: від турецької кави до італійського еспресо.\\\"},{\\\"attributes\\\":{\\\"indent\\\":1,\\\"list\\\":\\\"ordered\\\"},\\\"insert\\\":\\\"\\\\n\\\"},{\\\"attributes\\\":{\\\"bold\\\":true},\\\"insert\\\":\\\"Сучасні тренди в кавовій індустрії\\\"},{\\\"attributes\\\":{\\\"list\\\":\\\"ordered\\\"},\\\"insert\\\":\\\"\\\\n\\\"},{\\\"insert\\\":\\\"Сьогодні популярними стають specialty coffee, альтернативні способи заварювання (аеропрес, пуровер) і еко-френдлі підходи до виробництва. Все більше людей цікавляться походженням кави, обираючи органічні та етичні бренди.\\\"},{\\\"attributes\\\":{\\\"indent\\\":1,\\\"list\\\":\\\"ordered\\\"},\\\"insert\\\":\\\"\\\\n\\\"},{\\\"attributes\\\":{\\\"bold\\\":true},\\\"insert\\\":\\\"Мистецтво латте-арту\\\"},{\\\"attributes\\\":{\\\"list\\\":\\\"ordered\\\"},\\\"insert\\\":\\\"\\\\n\\\"},{\\\"insert\\\":\\\"Окрему увагу заслуговує мистецтво прикрашання кави — латте-арт. Малюнки на поверхні капучино стали ще одним способом зробити каву унікальною і привабливою.\\\"},{\\\"attributes\\\":{\\\"indent\\\":1,\\\"list\\\":\\\"ordered\\\"},\\\"insert\\\":\\\"\\\\n\\\"},{\\\"insert\\\":\\\"\\\\n\\\"}]}\"','published','2024-11-20 20:02:00','mystetstvo-kavy-yak-kultura-spozhyvannya-zminyuvalasya-stolittyamy','Мистецтво кави: Історія та сучасні тренди споживання кави','{\"ops\":[{\"insert\":\"Дізнайтеся, як культура споживання кави змінювалася століттями, які традиції виникли навколо напою, і що робить каву особливою сьогодні.\\n\"}]}','./images/mystetstvo-kavy-yak-kultura-spozhyvannya-zminyuvalasya-stolittyamy.jpg',8),(18,'Міфи та загадки Всесвіту: Що приховують чорні діри?','{\"ops\":[{\"insert\":\"Чорні діри – одні з найзагадковіших об\'єктів у космосі. Що ми про них знаємо? Чи можуть вони бути воротами в інші світи? Зануртеся у найзахопливіші гіпотези про Всесвіт.\\n\"}]}','\"{\\\"ops\\\":[{\\\"attributes\\\":{\\\"bold\\\":true},\\\"insert\\\":\\\"Чорні діри\\\"},{\\\"insert\\\":\\\" - це неймовірно потужні гравітаційні пастки, які викликають більше запитань, ніж відповідей. Вони не лише поглинають усе навколо, але й можуть бути ключем до розуміння самих законів Всесвіту.\\\\n\\\\n\\\\t\\\\t   \\\"},{\\\"attributes\\\":{\\\"bold\\\":true},\\\"insert\\\":\\\"1. Що таке чорна діра?\\\"},{\\\"insert\\\":\\\"\\\\nЧорна діра — це регіон простору, де гравітація настільки сильна, що навіть світло не може її покинути. Вона утворюється внаслідок колапсу масивної зірки, перетворюючись на космічного монстра.\\\"},{\\\"attributes\\\":{\\\"indent\\\":1},\\\"insert\\\":\\\"\\\\n\\\\n\\\"},{\\\"insert\\\":\\\"\\\\t\\\\t   \\\"},{\\\"attributes\\\":{\\\"bold\\\":true},\\\"insert\\\":\\\"2. Чи є життя по інший бік горизонту подій?\\\"},{\\\"insert\\\":\\\"\\\\nГоризонт подій — це межа, через яку не можна повернутися. Деякі науковці вважають, що чорні діри можуть бути переходами в інші виміри або навіть альтернативні всесвіти. Це припущення ґрунтується на теорії квантової гравітації.\\\"},{\\\"attributes\\\":{\\\"indent\\\":1},\\\"insert\\\":\\\"\\\\n\\\\n\\\"},{\\\"attributes\\\":{\\\"bold\\\":true},\\\"insert\\\":\\\"3. Подорож крізь чорну діру: наука чи фантастика?\\\"},{\\\"attributes\\\":{\\\"indent\\\":1},\\\"insert\\\":\\\"\\\\n\\\"},{\\\"insert\\\":\\\"Хоча подорож через чорну діру виглядає як сюжет для науково-фантастичного фільму, деякі фізики вважають, що це теоретично можливо. Щоправда, є проблема: гравітаційні сили знищать усе, що спробує наблизитися.\\\"},{\\\"attributes\\\":{\\\"indent\\\":1},\\\"insert\\\":\\\"\\\\n\\\\n\\\"},{\\\"attributes\\\":{\\\"bold\\\":true},\\\"insert\\\":\\\"4. Чорні діри у культурі та міфах\\\"},{\\\"attributes\\\":{\\\"indent\\\":1},\\\"insert\\\":\\\"\\\\n\\\"},{\\\"insert\\\":\\\"Чорні діри надихають письменників, режисерів і художників на створення грандіозних історій. Вони з’являються у фільмах, книгах і відеоіграх, символізуючи невідоме і непідвладне людині.\\\"},{\\\"attributes\\\":{\\\"indent\\\":1},\\\"insert\\\":\\\"\\\\n\\\\n\\\"},{\\\"attributes\\\":{\\\"bold\\\":true},\\\"insert\\\":\\\"5. Що приховує найближча до нас чорна діра?\\\"},{\\\"attributes\\\":{\\\"indent\\\":1},\\\"insert\\\":\\\"\\\\n\\\"},{\\\"insert\\\":\\\"Найближча до Землі чорна діра — Стрілець A* у центрі нашої галактики. Вона в 4 мільйони разів масивніша за Сонце і є активним об\'єктом для досліджень астрономів.\\\"},{\\\"attributes\\\":{\\\"indent\\\":1},\\\"insert\\\":\\\"\\\\n\\\"},{\\\"insert\\\":\\\"\\\\n\\\"}]}\"','published','2024-11-16 20:11:00','myfy-ta-zagadky-vsesvitu-shcho-pryhovuyut-chorni-diry','Чорні діри: Що ми знаємо про ці космічні загадки?','{\"ops\":[{\"insert\":\"Дізнайтеся найзахопливіші факти про чорні діри, гіпотези про подорожі крізь них і їхній зв\'язок із загадками Всесвіту.\\n\"}]}','./images/myfy-ta-zagadky-vsesvitu-shcho-pryhovuyut-chorni-diry.jpg',3),(19,'Клинок, розсікаючий демонів: що чекає фанатів у новому сезоні','{\"ops\":[{\"insert\":\"Четвертий сезон «Клинка, розсікаючого демонів» стартує 12 травня 2024 року. Дізнайтеся, що нового приготували творці аніме, і як герої готуються до зустрічі з небезпечними демонами.\\n\"}]}','\"{\\\"ops\\\":[{\\\"insert\\\":\\\"Аніме «Клинок, розсікаючий демонів» повертається з четвертим сезоном, який обіцяє вразити фанатів новою аркою «Тренування зі стовпами». Танджіро та його товариші проходитимуть виснажливі випробування, готуючись до нових битв.\\\\n\\\\nСезон розпочнеться прем’єрним годинним епізодом, який вже було показано в кінотеатрах Японії. Крім того, студія Ufotable знову вражатиме деталізованою анімацією та захопливими боями. Головна музична тема сезону, «Mugen» у виконанні MY FIRST STORY×HYDE, додає атмосферності новим серіям.\\\\n\\\\nНе пропустіть можливість поринути у світ демонів, мечів і героїчної боротьби заради справедливості!\\\\n\\\"}]}\"','published','2024-11-16 20:20:00','klynok-rozsikayuchyi-demoniv-novyi-sezon-2024','Новий сезон аніме «Клинок, розсікаючий демонів»: все, що потрібно знати','{\"ops\":[{\"insert\":\"Дізнайтеся про сюжет нового сезону «Клинка, розсікаючого демонів», який стартує у травні 2024 року, та як творці аніме готуються дивувати глядачів.\\n\"}]}','./images/klynok-rozsikayuchyi-demoniv-novyi-sezon-2024.jpg',4),(20,'Фінал аніме \"Атака титанів\": останній акорд легендарної історії','{\"ops\":[{\"insert\":\"Фанати культового аніме «Атака титанів» нарешті дочекалися фінальної частини, яка завершить багаторічну історію боротьби людства з титанами.\\n\"}]}','\"{\\\"ops\\\":[{\\\"insert\\\":\\\"Аніме \\\"},{\\\"attributes\\\":{\\\"italic\\\":true},\\\"insert\\\":\\\"«Атака титанів»\\\"},{\\\"insert\\\":\\\" добігає кінця: 8 листопада в Японії відбудеться прем\'єра \\\"},{\\\"attributes\\\":{\\\"underline\\\":true},\\\"insert\\\":\\\"145-хвилинного\\\"},{\\\"insert\\\":\\\" фільму-компіляції з підзаголовком \\\"},{\\\"attributes\\\":{\\\"italic\\\":true},\\\"insert\\\":\\\"«The Last Attack»\\\"},{\\\"insert\\\":\\\". Це фінальний розділ, який з’єднає останні події серіалу в одну кінематографічну історію. Режисер Юічіро Хаяші наголосив, що фільм створено для перегляду на великому екрані, щоб глядачі могли повністю зануритися в атмосферу світу «Атаки титанів».\\\\n\\\\nФраншиза, заснована на манзі \\\"},{\\\"attributes\\\":{\\\"italic\\\":true},\\\"insert\\\":\\\"Хадзіме Ісаями\\\"},{\\\"insert\\\":\\\", тривала понад десятиліття та стала одним із найвпливовіших аніме сучасності. У центрі історії - боротьба людства за виживання у світі, де панують жахливі гіганти. Головний герой, Ерен Єґер, разом із друзями переживає численні виклики, розкриваючи шокуючі таємниці про природу титанів і власну роль у цій битві.\\\\n\\\\nСеред нових подій - розробка VR-гри \\\"},{\\\"attributes\\\":{\\\"italic\\\":true},\\\"insert\\\":\\\"«Attack on Titan»\\\"},{\\\"insert\\\":\\\" і запуск тематичного парку з атракціоном \\\"},{\\\"attributes\\\":{\\\"italic\\\":true},\\\"insert\\\":\\\"«Battle of Rebellion»\\\"},{\\\"insert\\\":\\\", що підтверджує актуальність франшизи навіть після її завершення.\\\\n\\\"}]}\"','published','2024-11-21 21:38:00','final-attack-on-titan','Останній фільм «Атака титанів» – все, що треба знати','{\"ops\":[{\"insert\":\"Дізнайтеся всі деталі про фінальну частину культового аніме «Атака титанів» - прем\'єра, сюжет і нові проєкти франшизи.\\n\"}]}','./images/final-attack-on-titan.jpg',2),(21,'«Меч і Жезл Вісторії»: Нові пригоди в магічному світі','{\"ops\":[{\"insert\":\"Захоплююча історія про юного волшебника, який прагне стати сильним магом, повертається! Аніме «Меч і Жезл Вісторії» обіцяє здивувати новими пригодами та магічними битвами.\\n\"}]}','\"{\\\"ops\\\":[{\\\"insert\\\":\\\"«Меч і Жезл Вісторії» (Wistoria’s Wand and Sword) — це історія про молодого хлопця, який не має магічних здібностей, але мріє стати потужним магом. У світі, де магія є основною силою, він вступає до академії Регарден і починає свою подорож через небезпечні підземелля та битви з монстрами. Його головне завдання — не лише навчитися магії, але й виконати обіцянку, дану найкращому другу дитинства.\\\\n\\\\nАніме вражає своїм світом, наповненим чудовими магічними створіннями та потужними закляттями. Режисером є Тацуя Ёсихара, який славиться своїм талантом створювати захоплюючі світи і цікаві сюжетні лінії. Прем\'єра нового сезону запланована на 7 липня 2024 року, і фанати вже чекають на нові випробування головних героїв та великі битви.\\\\n\\\\nДля шанувальників магії, пригод та історій про подолання труднощів цей сезон буде справжнім подарунком.\\\\n\\\"}]}\"','draft','2024-11-20 05:00:00','mech-i-zhezl-vistorii-2024','Нове аніме «Меч і Жезл Вісторії» — все, що варто знати про прем\'єру 2024 року!','{\"ops\":[{\"insert\":\"Познайомтесь із новим сезоном аніме «Меч і Жезл Вісторії»! Прем\'єра 7 липня 2024 року обіцяє ще більше магії, пригод та захоплюючих битв.\\n\"}]}','./images/mech-i-zhezl-vistorii-2024.jpg',1),(22,'\"Your Name\" — магія любові та часопросторових зв\'язків','{\"ops\":[{\"insert\":\"\\\"Your Name\\\" — аніме-фільм, який розповідає історію двох підлітків, що переживають неймовірну подорож через час і простір. Японська дівчина Міцуха і хлопець Токіо, Тачібана, починають обмінюватися тілами через загадкове явище. Незважаючи на те, що вони ніколи не зустрічалися, їхні долі переплітаються завдяки містичному зв\'язку.\\n\"}]}','\"{\\\"ops\\\":[{\\\"attributes\\\":{\\\"italic\\\":true},\\\"insert\\\":\\\"Your Name\\\"},{\\\"insert\\\":\\\" — це емоційно насичена історія про любов, втрату та пошук, втілені через магію просторово-часових змін. Тепла та водночас трагічна атмосфера цього аніме підкорює серце кожного глядача. Міцуха, мешкаючи в селі, мріє жити у великому місті, тоді як Токіо, зі свого боку, страждає від своєї буденної рутини. Однак, після таємничої події, вони починають обмінюватися тілами, і, перебуваючи в чужих шкірах, вони починають змінювати свої життя і погляди на світ. Що важливо, аніме не тільки зачіпає теми магії та романтики, але й показує, як важливо не здаватися перед труднощами і шукати своє місце в житті.\\\\n\\\\nЦей фільм зачаровує багатством кольорів, деталями міського та природного ландшафту, а також глибокими емоційними переживаннями персонажів. Історія не обмежується лише простим романом - це дослідження зв\'язків між людьми, що можуть впливати на їхнє майбутнє, навіть коли фізична реальність здається недосяжною.\\\\n\\\"}]}\"','published','2024-11-22 10:50:00','your-name-anime-magic-and-love','Your Name — Романтичний аніме-фільм, який захоплює магією та часом','{\"ops\":[{\"insert\":\"Your Name — аніме-фільм, який вражає глядачів унікальною історією про любов, магію та час. Відкрийте для себе містичний світ цього шедевра.\\n\"}]}','./images/your-name-anime-magic-and-love.jpg',9),(23,'\"Злодійка насолоджується своїм сьомим життям як вільнолюбна наречена ворожої країни\" — манга про другий шанс і свободу','{\"ops\":[{\"insert\":\"Манга \\\"Злодійка насолоджується своєю сьомою життям як вільнолюбна наречена ворожої країни\\\" розповідає історію героїні, яка після шести життів отримує можливість змінити свою долю. Вона відмовляється від ролі злодійки і вирішує знайти своє щастя в новому світі, де її чекають магія, романтика і інтриги.\\n\"}]}','\"{\\\"ops\\\":[{\\\"attributes\\\":{\\\"italic\\\":true},\\\"insert\\\":\\\"\\\\\\\"Злодійка насолоджується своєю сьомою життям як вільнолюбна наречена ворожої країни\\\\\\\"\\\"},{\\\"insert\\\":\\\" — манга в жанрі фентезі, романтики і пригод. Головна героїня — це жінка, яка пережила шість життів і тепер знову народжується в світі, що знайомий їй, але в новій ролі. На цей раз вона вирішує не бути злодійкою, як це передбачалося її долею, і намагається змінити своє життя.\\\\n\\\\nІсторія починається з того, що героїня стає нареченою принца ворожого королівства. Однак, замість того щоб здаватися і підкорятися своїй передбаченій долі, вона вирішує брати ситуацію під свій контроль і жити за своїми правилами. Сюжет манги наповнений магією, політичними інтригами і складними стосунками між персонажами. Ця історія торкається теми другого шансу, спокутування і того, як можна змінити свою долю, навіть якщо здається, що все вже вирішено.\\\\n\\\\n\\\"},{\\\"attributes\\\":{\\\"italic\\\":true},\\\"insert\\\":\\\"Злодійка насолоджується своєю сьомою життям... \\\"},{\\\"insert\\\":\\\"Це поєднання романтики з фентезі, яке привертає увагу шанувальників як класичних любовних історій, так і тих, хто шукає глибші роздуми про життя і самопізнання.\\\\n\\\"},{\\\"attributes\\\":{\\\"align\\\":\\\"center\\\"},\\\"insert\\\":\\\"\\\\n\\\"},{\\\"attributes\\\":{\\\"align\\\":\\\"center\\\"},\\\"insert\\\":{\\\"video\\\":\\\"https://www.youtube.com/embed/xmHevCYRNvU?showinfo=0\\\"}},{\\\"attributes\\\":{\\\"color\\\":\\\"#888888\\\",\\\"italic\\\":true},\\\"insert\\\":\\\"7th Time Loop: The Villainess Enjoys a Carefree Life Married to Her Worst Enemy! | TRAILER OFICIAL\\\"},{\\\"attributes\\\":{\\\"align\\\":\\\"center\\\"},\\\"insert\\\":\\\"\\\\n\\\"},{\\\"insert\\\":\\\"\\\\n\\\"}]}\"','published','2024-11-21 16:25:00','7th-time-loop-the-villainess-enjoys-a-carefree-life-married-to-her-worst-enemy','Злодійка насолоджується своєю сьомою життям: манга про другий шанс і пошук свободи','{\"ops\":[{\"insert\":\"Манга \\\"Злодійка насолоджується своєю сьомою життям як вільнолюбна наречена ворожої країни\\\" — історія про те, як можна змінити свою долю і знайти щастя, навіть коли це здається неможливим.\\n\"}]}','./images/zlodijkа-nasolodzhujetsja-7-zhiznju.jpg',11),(24,'Українська вишиванка: символ культури, традицій і національної ідентичності ❤️','{\"ops\":[{\"insert\":\"Українська вишиванка — це не лише елемент одягу, а й багатогранний символ української культури, історії та духовності. Її унікальні орнаменти і кольори відображають етнічну ідентичність та багатовікові традиції\\n\"}]}','\"{\\\"ops\\\":[{\\\"insert\\\":\\\"Українська вишиванка — це не просто одяг, а справжній оберіг, у якому закодовані традиції, віра і цінності нашого народу. Вишиванки створювалися не лише як повсякденний чи святковий одяг, а й як символ родинного щастя, захисту та благополуччя.\\\\n\\\\nКожен регіон України має свої особливості орнаменту та кольорів. Наприклад, у Поліссі популярними є чорні та червоні нитки, які символізують силу та пристрасть. У Карпатах вишиванки часто прикрашені багатобарвними геометричними візерунками, які асоціюються з природою і гармонією. Подільська вишивка відома своїми рослинними орнаментами, що уособлюють зв’язок людини з землею.\\\\n\\\\nСьогодні вишиванка стала символом національної єдності та культурного відродження. Її носять не лише під час традиційних свят, а й у буденному житті, на офіційних заходах та навіть на міжнародній арені.\\\\n\\\\nЦікаво, що сучасні дизайнери інтерпретують старовинні мотиви вишиванок, поєднуючи їх з трендами моди, створюючи стильний одяг, який стає популярним далеко за межами України.\\\\n\\\\nУкраїнська вишиванка залишається одним із найяскравіших символів нашої культурної спадщини, який продовжує об’єднувати людей та розповідати світові про унікальну історію нашого народу.\\\\n\\\"}]}\"','published','2024-11-21 20:29:00','ukrainska-vyshyvanka-kulturnyi-symvol','Українська вишиванка — символ культури і традицій','{\"ops\":[{\"insert\":\"Дізнайтеся про унікальні особливості української вишиванки: її орнаменти, символіку та значення для сучасної культури.\\n\"}]}','./images/ukrainska-vyshyvanka-kulturnyi-symvol.jpg',5),(25,'for PowerPoint','{\"ops\":[{\"insert\":\"fsadfasd\\n\"}]}','\"{\\\"ops\\\":[{\\\"insert\\\":\\\"fasdfas\\\\n\\\"}]}\"','draft','2024-11-22 00:40:00','fsadf','adsfasd','{\"ops\":[{\"insert\":\"fasdf\\n\"}]}','./images/fsadf.jpg',2);
/*!40000 ALTER TABLE `articles` ENABLE KEYS */;
UNLOCK TABLES;

--
-- Table structure for table `categories`
--

DROP TABLE IF EXISTS `categories`;
/*!40101 SET @saved_cs_client     = @@character_set_client */;
/*!50503 SET character_set_client = utf8mb4 */;
CREATE TABLE `categories` (
  `category_id` int NOT NULL AUTO_INCREMENT,
  `name` varchar(100) NOT NULL,
  `description` text,
  PRIMARY KEY (`category_id`),
  UNIQUE KEY `name` (`name`)
) ENGINE=InnoDB AUTO_INCREMENT=221 DEFAULT CHARSET=utf8mb4 COLLATE=utf8mb4_0900_ai_ci;
/*!40101 SET character_set_client = @saved_cs_client */;

--
-- Dumping data for table `categories`
--

LOCK TABLES `categories` WRITE;
/*!40000 ALTER TABLE `categories` DISABLE KEYS */;
INSERT INTO `categories` VALUES (53,'Самоосвіта',''),(54,'Інформаційні технології',''),(55,'Здоров’я',''),(56,'Погода',''),(57,'Наука',''),(58,'Суспільство',''),(154,'Культура',''),(157,'Аніме','');
/*!40000 ALTER TABLE `categories` ENABLE KEYS */;
UNLOCK TABLES;

--
-- Table structure for table `keywords`
--

DROP TABLE IF EXISTS `keywords`;
/*!40101 SET @saved_cs_client     = @@character_set_client */;
/*!50503 SET character_set_client = utf8mb4 */;
CREATE TABLE `keywords` (
  `keyword_id` int NOT NULL AUTO_INCREMENT,
  `keyword` varchar(100) NOT NULL,
  PRIMARY KEY (`keyword_id`),
  UNIQUE KEY `keyword` (`keyword`)
) ENGINE=InnoDB AUTO_INCREMENT=402 DEFAULT CHARSET=utf8mb4 COLLATE=utf8mb4_0900_ai_ci;
/*!40101 SET character_set_client = @saved_cs_client */;

--
-- Dumping data for table `keywords`
--

LOCK TABLES `keywords` WRITE;
/*!40000 ALTER TABLE `keywords` DISABLE KEYS */;
INSERT INTO `keywords` VALUES (339,'asdf'),(222,'coffee'),(215,'IoT'),(221,'specialty'),(228,'Ufotable'),(227,'аніме'),(208,'бізнес'),(214,'блокчейн'),(287,'вишиванка'),(75,'екологія'),(73,'ефективність'),(225,'загадки'),(200,'здоров\'я'),(240,'злодійка'),(79,'інновації'),(81,'інтелект'),(206,'інформаційні'),(219,'історія'),(218,'кав’ярні'),(216,'кава'),(220,'кави'),(74,'клімат'),(224,'космос'),(217,'культура'),(223,'латте-арт'),(234,'любов'),(231,'магія'),(78,'майбутнє'),(239,'манга'),(226,'наука'),(71,'планування'),(232,'пригоди'),(70,'продуктивність'),(241,'романтика'),(72,'саморозвиток'),(76,'стійкість'),(77,'технології'),(288,'традиції'),(213,'трансформація'),(201,'тренування'),(290,'Україна'),(242,'фентезі'),(202,'фітнес'),(212,'цифрова'),(80,'штучний');
/*!40000 ALTER TABLE `keywords` ENABLE KEYS */;
UNLOCK TABLES;

--
-- Table structure for table `roles`
--

DROP TABLE IF EXISTS `roles`;
/*!40101 SET @saved_cs_client     = @@character_set_client */;
/*!50503 SET character_set_client = utf8mb4 */;
CREATE TABLE `roles` (
  `role_id` int NOT NULL AUTO_INCREMENT,
  `name` varchar(50) NOT NULL,
  `can_create_articles` tinyint(1) DEFAULT '0',
  `can_edit_articles` tinyint(1) DEFAULT '0',
  `can_delete_articles` tinyint(1) DEFAULT '0',
  `can_archive_articles` tinyint(1) DEFAULT '0',
  `can_restore_articles` tinyint(1) DEFAULT '0',
  PRIMARY KEY (`role_id`),
  UNIQUE KEY `name` (`name`)
) ENGINE=InnoDB AUTO_INCREMENT=106 DEFAULT CHARSET=utf8mb4 COLLATE=utf8mb4_0900_ai_ci;
/*!40101 SET character_set_client = @saved_cs_client */;

--
-- Dumping data for table `roles`
--

LOCK TABLES `roles` WRITE;
/*!40000 ALTER TABLE `roles` DISABLE KEYS */;
INSERT INTO `roles` VALUES (105,'Admin',1,1,1,1,1);
/*!40000 ALTER TABLE `roles` ENABLE KEYS */;
UNLOCK TABLES;

--
-- Table structure for table `tags`
--

DROP TABLE IF EXISTS `tags`;
/*!40101 SET @saved_cs_client     = @@character_set_client */;
/*!50503 SET character_set_client = utf8mb4 */;
CREATE TABLE `tags` (
  `tag_id` int NOT NULL AUTO_INCREMENT,
  `name` varchar(50) NOT NULL,
  PRIMARY KEY (`tag_id`),
  UNIQUE KEY `name` (`name`)
) ENGINE=InnoDB AUTO_INCREMENT=299 DEFAULT CHARSET=utf8mb4 COLLATE=utf8mb4_0900_ai_ci;
/*!40101 SET character_set_client = @saved_cs_client */;

--
-- Dumping data for table `tags`
--

LOCK TABLES `tags` WRITE;
/*!40000 ALTER TABLE `tags` DISABLE KEYS */;
INSERT INTO `tags` VALUES (47,'AI'),(165,'Mugen'),(164,'Ufotable'),(48,'автономні автомобілі'),(162,'аніме'),(152,'бізнес інновації'),(160,'всесвіт'),(49,'екологічні інновації'),(44,'екологія'),(159,'загадки'),(45,'збереження природи'),(46,'зміна клімату'),(78,'інтелектуальні системи'),(151,'інформаційні технології'),(154,'історія'),(153,'кава'),(161,'клинок розсікаючий демонів'),(158,'космос'),(156,'культура'),(155,'латте-арт'),(169,'магічна академія'),(167,'магія'),(74,'майбутнє здоров\'я'),(75,'медичні технології'),(43,'мотивація'),(163,'новий сезон'),(178,'переродження'),(76,'персоналізована медицина'),(168,'підземелля'),(42,'поради'),(77,'роботи-хірурги'),(170,'романтика'),(213,'спадщина'),(215,'стиль'),(41,'тайм-менеджмент'),(212,'традиції'),(145,'тренування'),(214,'Україна'),(172,'фентезі'),(144,'фізичні вправи'),(166,'фільми'),(146,'фітнес'),(157,'чорні діри');
/*!40000 ALTER TABLE `tags` ENABLE KEYS */;
UNLOCK TABLES;

--
-- Table structure for table `user_roles`
--

DROP TABLE IF EXISTS `user_roles`;
/*!40101 SET @saved_cs_client     = @@character_set_client */;
/*!50503 SET character_set_client = utf8mb4 */;
CREATE TABLE `user_roles` (
  `user_id` int NOT NULL,
  `role_id` int NOT NULL,
  PRIMARY KEY (`user_id`,`role_id`),
  KEY `role_id` (`role_id`),
  CONSTRAINT `user_roles_ibfk_1` FOREIGN KEY (`user_id`) REFERENCES `users` (`user_id`) ON DELETE CASCADE,
  CONSTRAINT `user_roles_ibfk_2` FOREIGN KEY (`role_id`) REFERENCES `roles` (`role_id`) ON DELETE CASCADE
) ENGINE=InnoDB DEFAULT CHARSET=utf8mb4 COLLATE=utf8mb4_0900_ai_ci;
/*!40101 SET character_set_client = @saved_cs_client */;

--
-- Dumping data for table `user_roles`
--

LOCK TABLES `user_roles` WRITE;
/*!40000 ALTER TABLE `user_roles` DISABLE KEYS */;
INSERT INTO `user_roles` VALUES (83,105);
/*!40000 ALTER TABLE `user_roles` ENABLE KEYS */;
UNLOCK TABLES;

--
-- Table structure for table `users`
--

DROP TABLE IF EXISTS `users`;
/*!40101 SET @saved_cs_client     = @@character_set_client */;
/*!50503 SET character_set_client = utf8mb4 */;
CREATE TABLE `users` (
  `user_id` int NOT NULL AUTO_INCREMENT,
  `username` varchar(50) NOT NULL,
  `email` varchar(100) NOT NULL,
  `phone` varchar(15) DEFAULT NULL,
  `password_hash` text NOT NULL,
  `created_at` timestamp NULL DEFAULT CURRENT_TIMESTAMP,
  PRIMARY KEY (`user_id`),
  UNIQUE KEY `email` (`email`),
  UNIQUE KEY `phone` (`phone`)
) ENGINE=InnoDB AUTO_INCREMENT=84 DEFAULT CHARSET=utf8mb4 COLLATE=utf8mb4_0900_ai_ci;
/*!40101 SET character_set_client = @saved_cs_client */;

--
-- Dumping data for table `users`
--

LOCK TABLES `users` WRITE;
/*!40000 ALTER TABLE `users` DISABLE KEYS */;
INSERT INTO `users` VALUES (83,'IlliaFransua','illia.fransua@icloud.com','380671031040','$2b$10$jmBtRaOQfOWXRDgV0dXE6.7sWu9dzKIBpte5TvQEJYd0G9jjSjMMe','2024-11-13 19:51:16');
/*!40000 ALTER TABLE `users` ENABLE KEYS */;
UNLOCK TABLES;
/*!40103 SET TIME_ZONE=@OLD_TIME_ZONE */;

/*!40101 SET SQL_MODE=@OLD_SQL_MODE */;
/*!40014 SET FOREIGN_KEY_CHECKS=@OLD_FOREIGN_KEY_CHECKS */;
/*!40014 SET UNIQUE_CHECKS=@OLD_UNIQUE_CHECKS */;
/*!40101 SET CHARACTER_SET_CLIENT=@OLD_CHARACTER_SET_CLIENT */;
/*!40101 SET CHARACTER_SET_RESULTS=@OLD_CHARACTER_SET_RESULTS */;
/*!40101 SET COLLATION_CONNECTION=@OLD_COLLATION_CONNECTION */;
/*!40111 SET SQL_NOTES=@OLD_SQL_NOTES */;

-- Dump completed on 2025-02-14 13:01:37
